,,,,
,,01.AAY5912/25,,01.AAY5912/25
01.AAY5912/25,,01.AAY5916/25,,01.AAY5916/25
01.AAY5916/25,,01.AAY5903/25,,01.AAY5903/25
01.AAY5903/25,,01.AAY5917/25,,01.AAY5917/25
01.AAY5903/25,,01.AAY5904/25,,01.AAY5904/25
01.AAY5903/25,,01.AAY5919/25,,01.AAY5919/25
01.AAY5917/25,,01.AAY5924/25,,01.AAY5920/25
01.AAY5904/25,,01.AAY5920/25,,01.AAY5921/25
01.AAY5919/25,,01.AAY5921/25,,01.AAY5910/25
01.AAY5924/25,,01.AAY5910/25,,01.AAY5923/25
01.AAY5920/25,,01.AAY5923/25,,01.AAY5924/25
01.AAY5921/25,,01.AAY5913/25,,01.AAY5913/25
01.AAY5921/25,,01.AAY5926/25,,01.AAY5926/25
01.AAY5921/25,,01.AAY5927/25,,01.AAY5927/25
01.AAY5910/25,,01.AAY5914/25,,01.AAY5914/25
01.AAY5910/25,,01.AAY5915/25,,01.AAY5915/25
01.AAY5910/25,,01.AAY5929/25,,01.AAY5929/25
01.AAY5923/25,,01.AAY5930/25,,01.AAY5930/25
01.AAY5923/25,,01.AAY5931/25,,01.AAY5931/25
01.AAY5923/25,,01.AAZ0433/25,,01.AAZ0433/25
01.AAY5913/25,,01.AAZ0434/25,,01.AAZ0434/25
01.AAY5913/25,,01.AAZ0427/25,,01.AAZ0427/25
01.AAY5913/25,,01.AAZ0438/25,,01.AAZ0438/25
01.AAY5926/25,,01.AAZ0429/25,,01.AAZ0429/25
01.AAY5926/25,,01.AAZ0430/25,,01.AAZ0430/25
01.AAY5926/25,,01.AAZ0439/25,,01.AAZ0439/25
01.AAY5927/25,,01.AAZ0441/25,,01.AAZ0441/25
01.AAY5914/25,,01.AAZ0440/25,,01.AAZ0440/25
01.AAY5914/25,,01.AAZ0432/25,,01.AAZ0432/25
01.AAY5914/25,,01.AAZ0443/25,,01.AAZ0443/25
01.AAY5915/25,,01.AAZ0444/25,,01.AAZ0444/25
01.AAY5915/25,,01.AAZ0446/25,,01.AAZ0446/25
01.AAY5915/25,,01.AAZ0435/25,,01.AAZ0435/25
01.AAY5929/25,,01.AAZ0447/25,,01.AAZ0447/25
01.AAY5929/25,,01.AAZ0436/25,,01.AAZ0436/25
01.AAY5929/25,,01.AAZ0449/25,,01.AAZ0449/25
01.AAY5930/25,,01.AAZ0450/25,,01.AAZ0450/25
01.AAY5931/25,,01.AAZ0437/25,,01.AAZ0437/25
01.AAZ0433/25,,01.AAZ0454/25,,01.AAZ0454/25
01.AAZ0434/25,,01.AAZ0456/25,,01.AAZ0456/25
01.AAZ0427/25,,01.AAZ0442/25,,01.AAZ0442/25
01.AAZ0427/25,,01.AAZ0459/25,,01.AAZ0459/25
01.AAZ0427/25,,01.AAZ0445/25,,01.AAZ0445/25
01.AAZ0438/25,,01.AAZ0448/25,,01.AAZ0448/25
01.AAZ0429/25,,01.AAZ0461/25,,01.AAZ0461/25
01.AAZ0430/25,,01.AAZ0451/25,,01.AAZ0451/25
01.AAZ0430/25,,01.AAZ0463/25,,01.AAZ0463/25
01.AAZ0430/25,,01.AAZ0464/25,,01.AAZ0464/25
01.AAZ0439/25,,01.AAZ0465/25,,01.AAZ0465/25
01.AAZ0439/25,,01.AAZ0452/25,,01.AAZ0452/25
01.AAZ0439/25,,01.AAZ0453/25,,01.AAZ0453/25
01.AAZ0441/25,,01.AAZ0455/25,,01.AAZ0455/25
01.AAZ0440/25,,01.AAZ0468/25,,01.AAZ0467/25
01.AAZ0440/25,,01.AAZ0457/25,,01.AAZ0468/25
01.AAZ0440/25,,01.AAZ0458/25,,01.AAZ0457/25
01.AAZ0432/25,,01.AAZ0473/25,,01.AAZ0458/25
01.AAZ0432/25,,01.AAZ0474/25,,01.AAZ0473/25
01.AAZ0443/25,,01.AAZ0460/25,,01.AAZ0474/25
01.AAZ0443/25,,01.AAZ0462/25,,01.AAZ0460/25
01.AAZ0443/25,,01.AAZ0478/25,,01.AAZ0462/25
01.AAZ0444/25,,01.AAZ0469/25,,01.AAZ0466/25
01.AAZ0444/25,,01.AAZ0482/25,,01.AAZ0478/25
01.AAZ0444/25,,01.AAZ0470/25,,01.AAZ0469/25
01.AAZ0446/25,,01.AAZ0471/25,,01.AAZ0482/25
01.AAZ0446/25,,01.AAZ0484/25,,01.AAZ0470/25
01.AAZ0446/25,,01.AAZ0485/25,,01.AAZ0471/25
01.AAZ0435/25,,01.AAZ0472/25,,01.AAZ0484/25
01.AAZ0447/25,,01.AAZ0475/25,,01.AAZ0485/25
01.AAZ0436/25,,01.AAZ0476/25,,01.AAZ0472/25
01.AAZ0436/25,,01.AAZ0488/25,,01.AAZ0475/25
01.AAZ0436/25,,01.AAZ0490/25,,01.AAZ0476/25
01.AAZ0449/25,,01.AAZ0492/25,,01.AAZ0488/25
01.AAZ0449/25,,01.AAZ0493/25,,01.AAZ0490/25
01.AAZ0449/25,,01.AAZ0477/25,,01.AAZ0492/25
01.AAZ0450/25,,01.AAZ0494/25,,01.AAZ0493/25
01.AAZ0450/25,,01.AAZ0479/25,,01.AAZ0477/25
01.AAZ0437/25,,01.AAZ0480/25,,01.AAZ0494/25
01.AAZ0437/25,,01.AAZ0481/25,,01.AAZ0479/25
01.AAZ0437/25,,01.AAZ0483/25,,01.AAZ0480/25
01.AAZ0454/25,,01.AAZ0497/25,,01.AAZ0481/25
01.AAZ0454/25,,01.AAZ0486/25,,01.AAZ0483/25
01.AAZ0456/25,,01.AAZ0498/25,,01.AAZ0497/25
01.AAZ0456/25,,01.AAZ0499/25,,01.AAZ0486/25
01.AAZ0456/25,,01.AAZ0487/25,,01.AAZ0498/25
01.AAZ0442/25,,01.AAZ0489/25,,01.AAZ0499/25
01.AAZ0442/25,,01.AAZ0500/25,,01.AAZ0487/25
01.AAZ0442/25,,01.AAZ0491/25,,01.AAZ0489/25
01.AAZ0459/25,,01.AAZ0502/25,,01.AAZ0500/25
01.AAZ0445/25,,01.AAZ0503/25,,01.AAZ0491/25
01.AAZ0445/25,,01.AAZ0495/25,,01.AAZ0502/25
01.AAZ0445/25,,01.AAZ0496/25,,01.AAZ0503/25
01.AAZ0448/25,,01.AAZ0509/25,,01.AAZ0495/25
01.AAZ0461/25,,01.AAZ0510/25,,01.AAZ0496/25
01.AAZ0461/25,,01.AAZ0501/25,,01.AAZ0509/25
01.AAZ0451/25,,01.AAZ0512/25,,01.AAZ0510/25
01.AAZ0451/25,,01.AAZ0504/25,,01.AAZ0501/25
01.AAZ0451/25,,01.AAZ0514/25,,01.AAZ0512/25
01.AAZ0463/25,,01.AAZ0515/25,,01.AAZ0504/25
01.AAZ0464/25,,01.AAZ0505/25,,01.AAZ0514/25
01.AAZ0464/25,,01.AAZ0518/25,,01.AAZ0515/25
01.AAZ0464/25,,01.AAZ0519/25,,01.AAZ0505/25
01.AAZ0465/25,,01.AAZ0506/25,,01.AAZ0518/25
01.AAZ0465/25,,01.AAZ0520/25,,01.AAZ0519/25
01.AAZ0465/25,,01.AAZ0507/25,,01.AAZ0506/25
01.AAZ0452/25,,01.AAZ0508/25,,01.AAZ0520/25
01.AAZ0452/25,,01.AAZ0521/25,,01.AAZ0507/25
01.AAZ0452/25,,01.AAZ0524/25,,01.AAZ0508/25
01.AAZ0453/25,,01.AAZ0511/25,,01.AAZ0521/25
01.AAZ0453/25,,01.AAZ0525/25,,01.AAZ0524/25
01.AAZ0453/25,,01.AAZ0513/25,,01.AAZ0511/25
01.AAZ0455/25,,01.AAZ0516/25,,01.AAZ0525/25
01.AAZ0468/25,,01.AAZ0517/25,,01.AAZ0513/25
01.AAZ0457/25,,01.AAZ0528/25,,01.AAZ0516/25
01.AAZ0458/25,,01.AAZ0530/25,,01.AAZ0517/25
01.AAZ0458/25,,01.AAZ0522/25,,01.AAZ0528/25
01.AAZ0458/25,,01.AAZ0523/25,,01.AAZ0530/25
01.AAZ0473/25,,01.AAZ0526/25,,01.AAZ0522/25
01.AAZ0474/25,,01.AAZ0527/25,,01.AAZ0523/25
01.AAZ0474/25,,01.AAZ0537/25,,01.AAZ0526/25
01.AAZ0474/25,,01.AAZ0538/25,,01.AAZ0527/25
01.AAZ0460/25,,01.AAZ0529/25,,01.AAZ0537/25
01.AAZ0462/25,,01.AAZ0531/25,,01.AAZ0538/25
01.AAZ0462/25,,01.AAZ0541/25,,01.AAZ0529/25
01.AAZ0462/25,,01.AAZ0532/25,,01.AAZ0531/25
01.AAZ0478/25,,01.AAZ0533/25,,01.AAZ0541/25
01.AAZ0478/25,,01.AAZ0534/25,,01.AAZ0532/25
01.AAZ0478/25,,01.AAZ0535/25,,01.AAZ0533/25
01.AAZ0478/25,,01.AAZ0543/25,,01.AAZ0534/25
01.AAZ0469/25,,01.AAZ0536/25,,01.AAZ0535/25
01.AAZ0469/25,,01.AAZ0544/25,,01.AAZ0543/25
01.AAZ0469/25,,01.AAZ0546/25,,01.AAZ0536/25
01.AAZ0482/25,,01.AAZ0547/25,,01.AAZ0544/25
01.AAZ0482/25,,01.AAZ0539/25,,01.AAZ0546/25
01.AAZ0482/25,,01.AAZ0540/25,,01.AAZ0547/25
01.AAZ0470/25,,01.AAZ0551/25,,01.AAZ0539/25
01.AAZ0470/25,,01.AAZ0542/25,,01.AAZ0540/25
01.AAZ0470/25,,01.AAZ0545/25,,01.AAZ0551/25
01.AAZ0471/25,,01.AAZ0559/25,,01.AAZ0542/25
01.AAZ0484/25,,01.AAZ0548/25,,01.AAZ0545/25
01.AAZ0485/25,,01.AAZ0549/25,,01.AAZ0559/25
01.AAZ0472/25,,01.AAZ0550/25,,01.AAZ0548/25
01.AAZ0472/25,,01.AAZ0552/25,,01.AAZ0549/25
01.AAZ0472/25,,01.AAZ0553/25,,01.AAZ0550/25
01.AAZ0475/25,,01.AAZ0554/25,,01.AAZ0552/25
01.AAZ0475/25,,01.AAZ0555/25,,01.AAZ0553/25
01.AAZ0475/25,,01.AAZ0564/25,,01.AAZ0554/25
01.AAZ0476/25,,01.AAZ0556/25,,01.AAZ0555/25
01.AAZ0476/25,,01.AAZ0557/25,,01.AAZ0564/25
01.AAZ0476/25,,01.AAZ0558/25,,01.AAZ0556/25
01.AAZ0488/25,,01.AAZ0568/25,,01.AAZ0557/25
01.AAZ0488/25,,01.AAZ0572/25,,01.AAZ0558/25
01.AAZ0488/25,,01.AAZ0560/25,,01.AAZ0568/25
01.AAZ0490/25,,01.AAZ0561/25,,01.AAZ0572/25
01.AAZ0490/25,,01.AAZ0562/25,,01.AAZ0560/25
01.AAZ0490/25,,01.AAZ0573/25,,01.AAZ0561/25
01.AAZ0492/25,,01.AAZ0575/25,,01.AAZ0562/25
01.AAZ0492/25,,01.AAZ0563/25,,01.AAZ0573/25
01.AAZ0493/25,,01.AAZ0577/25,,01.AAZ0575/25
01.AAZ0493/25,,01.AAZ0565/25,,01.AAZ0563/25
01.AAZ0493/25,,01.AAZ0566/25,,01.AAZ0577/25
01.AAZ0477/25,,01.AAZ0567/25,,01.AAZ0565/25
01.AAZ0494/25,,01.AAZ0569/25,,01.AAZ0566/25
01.AAZ0479/25,,01.AAZ0570/25,,01.AAZ0567/25
01.AAZ0479/25,,01.AAZ0571/25,,01.AAZ0569/25
01.AAZ0479/25,,01.AAZ0581/25,,01.AAZ0570/25
01.AAZ0480/25,,01.AAZ0582/25,,01.AAZ0571/25
01.AAZ0480/25,,01.AAZ0574/25,,01.AAZ0581/25
01.AAZ0480/25,,01.AAZ0576/25,,01.AAZ0582/25
01.AAZ0481/25,,01.AAZ0578/25,,01.AAZ0574/25
01.AAZ0481/25,,01.AAZ0579/25,,01.AAZ0576/25
01.AAZ0481/25,,01.AAZ0580/25,,01.AAZ0578/25
01.AAZ0483/25,,01.AAZ0587/25,,01.AAZ0579/25
01.AAZ0497/25,,01.AAZ0583/25,,01.AAZ0580/25
01.AAZ0497/25,,01.AAZ0584/25,,01.AAZ0587/25
01.AAZ0497/25,,01.AAZ0586/25,,01.AAZ0583/25
01.AAZ0486/25,,01.AAZ0589/25,,01.AAZ0584/25
01.AAZ0486/25,,01.AAZ0592/25,,01.AAZ0589/25
01.AAZ0486/25,,01.AAZ0585/25,,01.AAZ0592/25
01.AAZ0498/25,,01.AAZ0593/25,,01.AAZ0585/25
01.AAZ0498/25,,01.AAZ0594/25,,01.AAZ0586/25
01.AAZ0498/25,,01.AAZ0601/25,,01.AAZ0593/25
01.AAZ0499/25,,01.AAZ0588/25,,01.AAZ0594/25
01.AAZ0487/25,,01.AAZ0597/25,,01.AAZ0588/25
01.AAZ0489/25,,01.AAZ0598/25,,01.AAZ0597/25
01.AAZ0489/25,,01.AAZ0599/25,,01.AAZ0598/25
01.AAZ0489/25,,01.AAZ0590/25,,01.AAZ0599/25
01.AAZ0500/25,,01.AAZ0591/25,,01.AAZ0590/25
01.AAZ0500/25,,01.AAZ0602/25,,01.AAZ0591/25
01.AAZ0500/25,,01.AAZ0603/25,,01.AAZ0601/25
01.AAZ0491/25,,01.AAZ0595/25,,01.AAZ0602/25
01.AAZ0502/25,,01.AAZ0605/25,,01.AAZ0603/25
01.AAZ0503/25,,01.AAZ0596/25,,01.AAZ0595/25
01.AAZ0503/25,,01.AAZ0600/25,,01.AAZ0605/25
01.AAZ0503/25,,01.AAZ0607/25,,01.AAZ0596/25
01.AAZ0495/25,,01.AAZ0610/25,,01.AAZ0600/25
01.AAZ0496/25,,01.AAZ0611/25,,01.AAZ0607/25
01.AAZ0496/25,,,,01.AAZ0610/25
01.AAZ0496/25,,,,01.AAZ0611/25
01.AAZ0509/25,,,,01.AAZ0613/25
01.AAZ0509/25,,,,01.AAZ0604/25
01.AAZ0509/25,,,,01.AAZ0614/25
01.AAZ0510/25,,,,01.AAZ0615/25
01.AAZ0510/25,,,,01.AAZ0619/25
01.AAZ0510/25,,,,01.AAZ0621/25
01.AAZ0501/25,,,,01.AAZ0606/25
01.AAZ0512/25,,,,01.AAZ0622/25
01.AAZ0512/25,,,,01.AAZ0608/25
01.AAZ0512/25,,,,01.AAZ0609/25
01.AAZ0504/25,,,,01.AAZ0612/25
01.AAZ0504/25,,,,01.AAZ0624/25
01.AAZ0514/25,,,,01.AAZ0626/25
01.AAZ0514/25,,,,01.AAZ0616/25
01.AAZ0514/25,,,,01.AAZ0617/25
01.AAZ0515/25,,,,01.AAZ0618/25
01.AAZ0515/25,,,,01.AAZ0628/25
01.AAZ0515/25,,,,01.AAZ0620/25
01.AAZ0505/25,,,,01.AAZ0629/25
01.AAZ0518/25,,,,01.AAZ0623/25
01.AAZ0518/25,,,,01.AAZ0631/25
01.AAZ0519/25,,,,01.AAZ0625/25
01.AAZ0519/25,,,,01.AAZ0632/25
01.AAZ0519/25,,,,01.AAZ0633/25
01.AAZ0506/25,,,,01.AAZ0634/25
01.AAZ0506/25,,,,01.AAZ0635/25
01.AAZ0506/25,,,,01.AAZ0627/25
01.AAZ0520/25,,,,01.AAZ0638/25
01.AAZ0520/25,,,,01.AAZ0630/25
01.AAZ0520/25,,,,01.AAZ0640/25
01.AAZ0507/25,,,,01.AAZ0641/25
01.AAZ0507/25,,,,01.AAZ0643/25
01.AAZ0507/25,,,,01.AAZ0636/25
01.AAZ0508/25,,,,01.AAZ0637/25
01.AAZ0508/25,,,,01.AAZ0644/25
01.AAZ0521/25,,,,01.AAZ0639/25
01.AAZ0521/25,,,,01.AAZ0646/25
01.AAZ0521/25,,,,01.AAZ0648/25
01.AAZ0524/25,,,,01.AAZ0649/25
01.AAZ0524/25,,,,01.AAZ0642/25
01.AAZ0524/25,,,,01.AAZ0651/25
01.AAZ0511/25,,,,01.AAZ0652/25
01.AAZ0511/25,,,,01.AAZ0653/25
01.AAZ0511/25,,,,01.AAZ0645/25
01.AAZ0525/25,,,,01.AAZ0655/25
01.AAZ0525/25,,,,01.AAZ0647/25
01.AAZ0525/25,,,,01.AAZ0656/25
01.AAZ0513/25,,,,01.AAZ0650/25
01.AAZ0513/25,,,,01.AAZ0659/25
01.AAZ0516/25,,,,01.AAZ0662/25
01.AAZ0516/25,,,,01.AAZ0664/25
01.AAZ0517/25,,,,01.AAZ0654/25
01.AAZ0528/25,,,,01.AAZ0665/25
01.AAZ0530/25,,,,01.AAZ0657/25
01.AAZ0530/25,,,,01.AAZ0668/25
01.AAZ0530/25,,,,01.AAZ0658/25
01.AAZ0522/25,,,,01.AAZ0669/25
01.AAZ0523/25,,,,01.AAZ0670/25
01.AAZ0523/25,,,,01.AAZ0660/25
01.AAZ0526/25,,,,01.AAZ0661/25
01.AAZ0526/25,,,,01.AAZ0663/25
01.AAZ0526/25,,,,01.AAZ0671/25
01.AAZ0527/25,,,,01.AAZ0672/25
01.AAZ0537/25,,,,01.AAZ0674/25
01.AAZ0538/25,,,,01.AAZ0666/25
01.AAZ0538/25,,,,01.AAZ0667/25
01.AAZ0538/25,,,,01.AAZ0675/25
01.AAZ0529/25,,,,01.AAZ0676/25
01.AAZ0529/25,,,,01.AAZ0679/25
01.AAZ0529/25,,,,01.AAZ0673/25
01.AAZ0531/25,,,,01.AAZ0677/25
01.AAZ0531/25,,,,01.AAZ0678/25
01.AAZ0531/25,,,,01.AAZ0682/25
01.AAZ0541/25,,,,01.AAZ0683/25
01.AAZ0541/25,,,,01.AAZ0685/25
01.AAZ0532/25,,,,01.AAZ0686/25
01.AAZ0532/25,,,,01.AAZ0680/25
01.AAZ0533/25,,,,01.AAZ0688/25
01.AAZ0533/25,,,,01.AAZ0681/25
01.AAZ0534/25,,,,01.AAZ0690/25
01.AAZ0534/25,,,,01.AAZ0691/25
01.AAZ0534/25,,,,01.AAZ0684/25
01.AAZ0535/25,,,,01.AAZ0693/25
01.AAZ0535/25,,,,01.AAZ0694/25
01.AAZ0535/25,,,,01.AAZ0687/25
01.AAZ0543/25,,,,01.AAZ0698/25
01.AAZ0543/25,,,,01.AAZ0697/25
01.AAZ0536/25,,,,01.AAZ0699/25
01.AAZ0544/25,,,,01.AAZ0689/25
01.AAZ0544/25,,,,01.AAZ0701/25
01.AAZ0544/25,,,,01.AAZ0702/25
01.AAZ0546/25,,,,01.AAZ0705/25
01.AAZ0547/25,,,,01.AAZ0692/25
01.AAZ0539/25,,,,01.AAZ0695/25
01.AAZ0539/25,,,,01.AAZ0696/25
01.AAZ0539/25,,,,01.AAZ0710/25
01.AAZ0540/25,,,,01.AAZ0700/25
01.AAZ0540/25,,,,01.AAZ0703/25
01.AAZ0540/25,,,,01.AAZ0704/25
01.AAZ0551/25,,,,01.AAZ0706/25
01.AAZ0542/25,,,,01.AAZ0707/25
01.AAZ0542/25,,,,01.AAZ0708/25
01.AAZ0542/25,,,,01.AAZ0716/25
01.AAZ0545/25,,,,01.AAZ0717/25
01.AAZ0545/25,,,,01.AAZ0709/25
01.AAZ0545/25,,,,01.AAZ0718/25
01.AAZ0559/25,,,,01.AAZ0711/25
01.AAZ0559/25,,,,01.AAZ0719/25
01.AAZ0559/25,,,,01.AAZ0720/25
01.AAZ0548/25,,,,01.AAZ0722/25
01.AAZ0548/25,,,,01.AAZ0712/25
01.AAZ0549/25,,,,01.AAZ0713/25
01.AAZ0550/25,,,,01.AAZ0714/25
01.AAZ0550/25,,,,01.AAZ0724/25
01.AAZ0550/25,,,,01.AAZ0715/25
01.AAZ0552/25,,,,01.AAZ0726/25
01.AAZ0552/25,,,,01.AAZ0727/25
01.AAZ0553/25,,,,01.AAZ0728/25
01.AAZ0554/25,,,,01.AAZ0729/25
01.AAZ0554/25,,,,01.AAZ0731/25
01.AAZ0554/25,,,,01.AAZ0732/25
01.AAZ0555/25,,,,01.AAZ0733/25
01.AAZ0564/25,,,,01.AAZ0721/25
01.AAZ0564/25,,,,01.AAZ0735/25
01.AAZ0564/25,,,,01.AAZ0723/25
01.AAZ0556/25,,,,01.AAZ0725/25
01.AAZ0557/25,,,,01.AAZ0738/25
01.AAZ0557/25,,,,01.AAZ0739/25
01.AAZ0557/25,,,,01.AAZ0740/25
01.AAZ0558/25,,,,01.AAZ0730/25
01.AAZ0558/25,,,,01.AAZ0742/25
01.AAZ0558/25,,,,01.AAZ0743/25
01.AAZ0568/25,,,,01.AAZ0746/25
01.AAZ0568/25,,,,01.AAZ0747/25
01.AAZ0572/25,,,,01.AAZ0734/25
01.AAZ0560/25,,,,01.AAZ0748/25
01.AAZ0560/25,,,,01.AAZ0736/25
01.AAZ0561/25,,,,01.AAZ0737/25
01.AAZ0562/25,,,,01.AAZ0752/25
01.AAZ0573/25,,,,01.AAZ0741/25
01.AAZ0575/25,,,,01.AAZ0753/25
01.AAZ0563/25,,,,01.AAZ0744/25
01.AAZ0563/25,,,,01.AAZ0745/25
01.AAZ0563/25,,,,01.AAZ0756/25
01.AAZ0577/25,,,,01.AAZ0757/25
01.AAZ0577/25,,,,01.AAZ0749/25
01.AAZ0577/25,,,,01.AAZ0750/25
01.AAZ0565/25,,,,01.AAZ0751/25
01.AAZ0565/25,,,,01.AAZ0763/25
01.AAZ0565/25,,,,01.AAZ0764/25
01.AAZ0566/25,,,,01.AAZ0754/25
01.AAZ0566/25,,,,01.AAZ0755/25
01.AAZ0566/25,,,,01.AAZ0758/25
01.AAZ0567/25,,,,01.AAZ0759/25
01.AAZ0567/25,,,,01.AAZ0760/25
01.AAZ0569/25,,,,01.AAZ0768/25
01.AAZ0570/25,,,,01.AAZ0761/25
01.AAZ0571/25,,,,01.AAZ0762/25
01.AAZ0581/25,,,,01.AAZ0770/25
01.AAZ0582/25,,,,01.AAZ0771/25
01.AAZ0582/25,,,,01.AAZ0765/25
01.AAZ0582/25,,,,01.AAZ0773/25
01.AAZ0574/25,,,,01.AAZ0774/25
01.AAZ0574/25,,,,01.AAZ0775/25
01.AAZ0574/25,,,,01.AAZ0776/25
01.AAZ0576/25,,,,01.AAZ0766/25
01.AAZ0576/25,,,,01.AAZ0767/25
01.AAZ0578/25,,,,01.AAZ0779/25
01.AAZ0579/25,,,,01.AAZ0781/25
01.AAZ0579/25,,,,01.AAZ0783/25
01.AAZ0580/25,,,,01.AAZ0785/25
01.AAZ0580/25,,,,01.AAZ0786/25
01.AAZ0587/25,,,,01.AAZ0790/25
01.AAZ0587/25,,,,01.AAZ0791/25
01.AAZ0583/25,,,,01.AAZ0769/25
01.AAZ0583/25,,,,01.AAZ0772/25
01.AAZ0583/25,,,,01.AAZ0777/25
01.AAZ0584/25,,,,01.AAZ0778/25
01.AAZ0586/25,,,,01.AAZ0794/25
01.AAZ0589/25,,,,01.AAZ0795/25
01.AAZ0589/25,,,,01.AAZ0780/25
01.AAZ0592/25,,,,01.AAZ0782/25
01.AAZ0592/25,,,,01.AAZ0798/25
01.AAZ0592/25,,,,01.AAZ0784/25
01.AAZ0585/25,,,,01.AAZ0787/25
01.AAZ0593/25,,,,01.AAZ0788/25
01.AAZ0593/25,,,,01.AAZ0789/25
01.AAZ0594/25,,,,01.AAZ0802/25
01.AAZ0601/25,,,,01.AAZ0803/25
01.AAZ0588/25,,,,01.AAZ0792/25
01.AAZ0588/25,,,,01.AAZ0793/25
01.AAZ0588/25,,,,01.AAZ0807/25
01.AAZ0597/25,,,,01.AAZ0806/25
01.AAZ0597/25,,,,01.AAZ0808/25
01.AAZ0597/25,,,,01.AAZ0809/25
01.AAZ0598/25,,,,01.AAZ0810/25
01.AAZ0599/25,,,,01.AAZ0796/25
01.AAZ0599/25,,,,01.AAZ0811/25
01.AAZ0599/25,,,,01.AAZ0797/25
01.AAZ0590/25,,,,01.AAZ0813/25
01.AAZ0590/25,,,,01.AAZ0799/25
01.AAZ0590/25,,,,01.AAZ0800/25
01.AAZ0591/25,,,,01.AAZ0801/25
01.AAZ0602/25,,,,01.AAZ0815/25
01.AAZ0603/25,,,,01.AAZ0804/25
01.AAZ0603/25,,,,01.AAZ0816/25
01.AAZ0603/25,,,,01.AAZ0805/25
01.AAZ0595/25,,,,01.AAZ0817/25
01.AAZ0595/25,,,,01.AAZ0818/25
01.AAZ0605/25,,,,01.AAZ0812/25
01.AAZ0596/25,,,,01.AAZ0820/25
01.AAZ0596/25,,,,01.AAZ0814/25
01.AAZ0596/25,,,,01.AAZ0822/25
01.AAZ0600/25,,,,01.AAZ0824/25
01.AAZ0600/25,,,,01.AAZ0827/25
01.AAZ0600/25,,,,01.AAZ0828/25
01.AAZ0607/25,,,,01.AAZ0819/25
01.AAZ0607/25,,,,01.AAZ0830/25
01.AAZ0607/25,,,,01.AAZ0821/25
01.AAZ0610/25,,,,01.AAZ0831/25
01.AAZ0611/25,,,,01.AAZ0823/25